{
  "AS": { "mean": 0.57274, "std": 0.23651 },
  "AD_1": { "mean": 0.539248, "std": 0.239284 },
  "AD_2": { "mean": 0.504462, "std": 0.282136 },
  "AD_3": { "mean": 0.560258, "std": 0.217828 },
  "AD_4": { "mean": 0.518065, "std": 0.264104 },
  "AD_5": { "mean": 0.513932, "std": 0.270076 },
  "AD_6": { "mean": 0.510336, "std": 0.274473 },
  "AD_7": { "mean": 0.519434, "std": 0.262884 },
  "AD_8": { "mean": 0.635923, "std": 0.15328 },
  "AD_9": { "mean": 0.512548, "std": 0.271193 },
  "AD_10": { "mean": 0.522523, "std": 0.258701 },
  "AD_11": { "mean": 0.701813, "std": 0.108689 },
  "AD_12": { "mean": 0.504773, "std": 0.281825 },
  "AD_13": { "mean": 0.516376, "std": 0.266278 },
  "ND_1": { "mean": 0.513932, "std": 0.270076 },
  "ND_2": { "mean": 0.519434, "std": 0.262884 },
  "ND_3": { "mean": 0.539248, "std": 0.239284 },
  "ND_4": { "mean": 0.522523, "std": 0.258701 },
  "ND_5": { "mean": 0.516376, "std": 0.266278 },
  "ND_6": { "mean": 0.611062, "std": 0.17252 },
  "ND_7": { "mean": 0.513987, "std": 0.269489 },
  "ND_8": { "mean": 0.558095, "std": 0.220596 },
  "ND_9": { "mean": 0.53097, "std": 0.249533 },
  "ND_10": { "mean": 0.541114, "std": 0.237388 },
  "ND_11": { "mean": 0.547042, "std": 0.231211 },
  "ND_12": { "mean": 0.551743, "std": 0.226409 },
  "ND_13": { "mean": 0.648117, "std": 0.144254 },
  "ND_14": { "mean": 0.504419, "std": 0.282267 },
  "ND_15": { "mean": 0.605491, "std": 0.177104 },
  "ND_16": { "mean": 0.540689, "std": 0.23793 },
  "ND_17": { "mean": 0.572896, "std": 0.209628 },
  "ND_18": { "mean": 0.598075, "std": 0.184207 },
  "ND_19": { "mean": 0.725505, "std": 0.095008 },
  "ND_20": { "mean": 0.715943, "std": 0.100437 },
  "ND_21": { "mean": 0.706319, "std": 0.105886 },
  "ND_22": { "mean": 0.652969, "std": 0.141 },
  "ND_23": { "mean": 0.710774, "std": 0.103196 },
  "ND_24": { "mean": 0.667517, "std": 0.130989 },
  "ND_25": { "mean": 0.548089, "std": 0.230642 },
  "TD_1": { "mean": 0.512021, "std": 0.273056 },
  "TD_2": { "mean": 0.512373, "std": 0.272647 },
  "ES": { "mean": 0.500209, "std": 0.28879 }
}
